{"cameraMode":{"drawMode":0,"name":"Shaded","section":"Shading Mode"},"sceneLighting":true,"audioPlay":false,"sceneViewState":{"m_AlwaysRefresh":false,"showFog":true,"showSkybox":true,"showFlares":true,"showImageEffects":true,"showParticleSystems":true,"showVisualEffectGraphs":true,"m_FxEnabled":true},"in2DMode":false,"pivot":{"x":-0.10944174230098725,"y":0.08203473687171936,"z":0.0009188354015350342},"rotation":{"x":-0.19747425615787507,"y":0.6767471432685852,"z":-0.19608204066753388,"w":-0.6816014647483826},"size":0.8660253882408142,"orthographic":false}